tag,kinetic_energy_GeV,seg1_layers,seg2_layers,seg3_layers,t_absorber_seg1,t_absorber_seg2,t_absorber_seg3,t_scin_seg1,t_scin_seg2,t_scin_seg3,kaon0L_efficiency,kaon0L_energy_resolution,neutron_efficiency,neutron_energy_resolution,predicted_objective
bo000,1.0,3,3,4,3.6413,3.561,3.5962,0.5574,0.5877,0.593,0.44831203249129137,0.41714947216521736,0.25704902411042124,0.4193420917605985,0.7053610566017126
bo001,1.0,3,3,4,3.598,3.651,3.553,0.5728,0.5629,0.5937,0.44831203249129137,0.41714947216521736,0.25704902411042124,0.4193420917605985,0.7053610566017126
bo002,1.0,3,3,4,3.6793,3.6714,3.6297,0.5785,0.5886,0.5582,0.44831203249129137,0.4267352362371538,0.256917080067906,0.4193420917605985,0.7052291125591974
bo003,1.0,3,3,4,3.551,3.5064,3.6744,0.5896,0.5703,0.5743,0.44804497245509095,0.4199876868190209,0.25704902411042124,0.4193420917605985,0.7050939965655122
bo004,1.0,3,3,4,3.5831,3.8588,3.5191,0.568,0.551,0.5436,0.4462520354663077,0.4229223225325059,0.2569505837952112,0.42496428900831335,0.7032026192615188
