{
  "alpha": 0.5,
  "mpvs": [
    0.0006184286055160097,
    0.0006201015128019517,
    0.000619385213812382
  ],
  "thresholds": [
    0.00030921430275800485,
    0.00031005075640097585,
    0.000309692606906191
  ]
}
