{
  "muon_threshold_GeV": 0.023911546915769577,
  "neutron_scale": 0.00862366
}