{
  "detected_event_count": 2152,
  "detection_efficiency": 0.7173333333333334,
  "eff_hi": 0.00814776602981837,
  "eff_lo": 0.008292606638504285,
  "energy_resolution": 0.39631282882620406,
  "geometry_id": "81c3da7d",
  "gun_energy_GeV": 5.0,
  "valid_event_count": 3000
}
