fold,n_test,kaon0L_efficiency_mae,kaon0L_energy_resolution_mae,neutron_efficiency_mae,neutron_energy_resolution_mae,objective_mae
1,30,0.014669633191550152,0.03699029078531721,0.00894285975601427,0.03783875550380503,0.021629976825436763
2,30,0.013055916048089863,0.029434778538155702,0.011053506849068277,0.04845384795448869,0.023144761646978203
3,30,0.01524124342619199,0.03241556179437823,0.010192106493772536,0.05497635784733347,0.022661962522701935
4,30,0.013220263055303931,0.03183963770203849,0.0072300656375603465,0.03831136592735456,0.01931518662216146
5,30,0.014291512144478906,0.027685964367303154,0.008752014686067396,0.03536194359630496,0.020488918795008384
mean,30.0,0.014095713573122967,0.031673246637438555,0.009234110684496566,0.042988454165857344,0.02144816128245735
std,0,0.0009390889142471489,0.0035269971499256566,0.001462993385104781,0.008368670415743138,0.0015695978936157609
