tag,seg1_layers,seg2_layers,seg3_layers,t_absorber_seg1,t_absorber_seg2,t_absorber_seg3,t_scin_seg1,t_scin_seg2,t_scin_seg3,kaon0L_efficiency,kaon0L_energy_resolution,neutron_efficiency,neutron_energy_resolution,predicted_objective
bo000,3,3,4,3.5462,3.7294,3.7378,0.593,0.5514,0.587,0.44524192155851955,0.41691000909518366,0.2570974172854071,0.41979395699783867,0.7023393388439266
bo001,3,3,4,3.5331,3.7432,3.9687,0.5792,0.5974,0.5421,0.44926435604578213,0.4239070679691735,0.25299147509950687,0.46090153685200136,0.702255831145289
bo002,3,3,4,3.6461,3.5951,3.9937,0.5821,0.5679,0.5685,0.44947050551504364,0.4177873864013485,0.252544922531835,0.45131175495119435,0.7020154280468787
bo003,3,3,4,3.6841,3.7804,3.7255,0.5796,0.5689,0.5891,0.4440741966215166,0.43809404697306487,0.256506365039533,0.41979395699783867,0.7005805616610497
bo004,3,3,4,3.5418,3.6322,3.6938,0.5241,0.5746,0.518,0.44367086564037356,0.3982319813700807,0.25638721385138896,0.41296145291304626,0.7000580794917626
