tag,seg1_layers,seg2_layers,seg3_layers,t_absorber_seg1,t_absorber_seg2,t_absorber_seg3,t_scin_seg1,t_scin_seg2,t_scin_seg3,kaon0L_efficiency,kaon0L_energy_resolution,neutron_efficiency,neutron_energy_resolution,predicted_objective
bo000,3,3,4,3.7989,3.9204,3.8139,0.4664,0.4663,0.5719,0.36197921493901836,0.3902052024525893,0.19384808320230287,0.3822321576468738,0.5558272981413213
bo001,3,3,4,4.3062,4.3693,4.1388,0.4266,0.3686,0.3223,0.17958180803591817,0.43214730840503973,0.08037205743334432,0.40860584474032857,0.25995386546926247
bo002,3,3,4,4.0379,3.7364,3.5252,0.5773,0.3887,0.4178,0.33679652350083067,0.4582596295516973,0.16513041288788152,0.4562026875458979,0.5019269363887122
bo003,3,3,4,3.5442,4.0378,4.4596,0.3171,0.5962,0.4857,0.3116917593977235,0.433143028362621,0.16593040894920538,0.3968442574024379,0.47762216834692883
bo004,3,3,4,3.7399,3.5307,4.0162,0.3568,0.5391,0.5415,0.374275933282921,0.4099841478326599,0.19665988760729422,0.41478748579544544,0.5709358208902152
