tag,seg1_layers,seg2_layers,seg3_layers,t_absorber_seg1,t_absorber_seg2,t_absorber_seg3,t_scin_seg1,t_scin_seg2,t_scin_seg3,kaon0L_efficiency,kaon0L_energy_resolution,neutron_efficiency,neutron_energy_resolution,predicted_objective
bo000,3,3,4,3.5462,3.7294,3.7378,0.593,0.5514,0.587,0.4874731423634165,0.3904295545481257,0.2844131867793991,0.43828624304167185,0.7718863291428155
bo001,3,3,4,3.7846,3.7277,3.5851,0.5954,0.5648,0.5602,0.48204355717216796,0.43570278780417765,0.28514497982580406,0.4404659500693847,0.7671885369979721
bo002,3,3,4,3.6461,3.5951,3.9937,0.5821,0.5679,0.5685,0.48371840570177616,0.4247931251570492,0.2820133323616091,0.4502224759875902,0.7657317380633852
bo003,3,3,4,3.6841,3.7804,3.7255,0.5796,0.5689,0.5891,0.47991812225640984,0.42137626576798065,0.28490883298573694,0.42972177056659017,0.7648269552421467
bo004,3,3,4,3.6164,3.5736,3.7751,0.5862,0.5928,0.5466,0.4854174904960205,0.3904295545481257,0.27897063968150737,0.4337359901793527,0.7643881301775279
