{
  "detected_event_count": 2147,
  "detection_efficiency": 0.7156666666666667,
  "eff_hi": 0.008162930669725399,
  "eff_lo": 0.00830666053754714,
  "energy_resolution": 0.38304136070134337,
  "geometry_id": "81c3da7d",
  "gun_energy_GeV": 5.0,
  "valid_event_count": 3000
}
