{
  "detected_event_count": 2176,
  "detection_efficiency": 0.7253333333333334,
  "eff_hi": 0.0080730306014275,
  "eff_lo": 0.008223202766261317,
  "energy_resolution": 0.37097718921368017,
  "geometry_id": "81c3da7d",
  "gun_energy_GeV": 5.0,
  "valid_event_count": 3000
}
